<ExtensionManifest Version="3.0" ExtensionBundleId="info.nekomataya.psAxe" ExtensionBundleVersion="1.1.3" xmlns:xsi="http://www.w3.org/2001/XMLSchema-instance">
  <Author><![CDATA[kiyo@nekomataya.info]]></Author>
  <Abstract><![CDATA[japanese style animation tools for AdobePhotoshop]]></Abstract>
  <ExtensionList>
    <Extension Id="info.nekomataya.psAxe" Version="1.1.3"/>
  </ExtensionList>
  <ExecutionEnvironment>
    <HostList>
      <Host Name="PHXS" Version="[13.0,13.9]"/>
      <Host Name="PHSP" Version="[13.0,13.9]"/>
    </HostList>
    <LocaleList>
      <Locale Code="All"/>
    </LocaleList>
    <RequiredRuntimeList>
      <RequiredRuntime Name="CSXS" Version="3.0"/>
    </RequiredRuntimeList>
  </ExecutionEnvironment>
  <DispatchInfoList>
    <Extension Id="info.nekomataya.psAxe">
      <DispatchInfo>
        <Resources>
          <SwfPath>./content/Configurator-Panel.swf</SwfPath>
          <ScriptPath>./content/Configurator-Panel.jsx</ScriptPath>
        </Resources>
        <Lifecycle>
          <AutoVisible>true</AutoVisible>
        </Lifecycle>
        <UI>
          <Type>Panel</Type>
          <Menu>nas(u)PsAXE</Menu>
          <Geometry>
            <Size>
              <Height>610</Height>
              <Width>240</Width>
            </Size>
          </Geometry>
          <Icons>
            <Icon Type="Normal">./content/psaxe.png</Icon>
            <Icon Type="DarkNormal">./content/psaxe_d.png</Icon>
          </Icons>
        </UI>
      </DispatchInfo>
    </Extension>
  </DispatchInfoList>
</ExtensionManifest>